               epoch,      train/box_loss,      train/obj_loss,      train/cls_loss,   metrics/precision,      metrics/recall,     metrics/mAP_0.5,metrics/mAP_0.5:0.95,        val/box_loss,        val/obj_loss,        val/cls_loss,               x/lr0,               x/lr1,               x/lr2
                   0,             0.10446,            0.016325,                   0,            0.011643,             0.24165,           0.0073631,           0.0012935,            0.058388,            0.016335,                   0,             0.00024,             0.00024,             0.09784
                   1,             0.08021,            0.020707,                   0,            0.058865,             0.36486,            0.043933,           0.0086242,            0.042173,            0.019782,                   0,          0.00048999,          0.00048999,             0.09559
                   2,            0.068109,            0.022173,                   0,             0.19283,             0.68243,             0.19528,            0.047008,            0.034532,            0.020175,                   0,          0.00073994,          0.00073994,             0.09334
                   3,             0.05715,            0.022067,                   0,             0.73094,             0.86486,               0.825,             0.35665,            0.028252,            0.017656,                   0,           0.0009898,           0.0009898,             0.09109
                   4,            0.050277,            0.019823,                   0,             0.82601,             0.80193,             0.85065,             0.30602,            0.028958,            0.014052,                   0,           0.0012396,           0.0012396,             0.08884
                   5,            0.046005,             0.01739,                   0,             0.75438,             0.81081,             0.85926,             0.41513,            0.027214,            0.012011,                   0,           0.0014892,           0.0014892,            0.086589
                   6,            0.045436,            0.014972,                   0,              0.6719,             0.73649,             0.75908,              0.2484,             0.03486,            0.010371,                   0,           0.0017386,           0.0017386,            0.084339
